Url,MonitorName,阅读,点赞,评论,转发
http://vc.yiche.com/vplay/652711.html,新宝骏RM-5,1929,0,1,
http://vc.yiche.com/vplay/653778.html,新宝骏RM-5,3130,0,1,
http://vc.yiche.com/vplay/655328.html,新宝骏RC-6,3.94万,0,8,
http://vc.yiche.com/vplay/655264.html,宝骏510,3.75万,0,0,
http://vc.yiche.com/vplay/655328.html,新宝骏RM-5,3.94万,0,8,
http://vc.yiche.com/vplay/655626.html,新宝骏RM-5,1.44万,0,0,
http://vc.yiche.com/vplay/655245.html,宝骏730,7.28万,0,7,
http://vc.yiche.com/vplay/656672.html,新宝骏RM-5,2.50万,0,1,
http://vc.yiche.com/vplay/656921.html,新宝骏RM-5,10.17万,0,1,
http://vc.yiche.com/vplay/656950.html,五菱宏光,9.56万,0,38,
http://vc.yiche.com/vplay/657044.html,新宝骏RM-5,3680,0,0,
http://vc.yiche.com/vplay/656781.html,新宝骏RM-5,1.96万,0,0,
http://vc.yiche.com/vplay/656781.html,新宝骏RC-6,1.96万,0,0,
http://vc.yiche.com/vplay/657179.html,五菱宏光,1.04万,0,27,
http://vc.yiche.com/vplay/657579.html,五菱宏光,2.12万,0,16,
http://vc.yiche.com/vplay/657576.html,宝骏E100,1258,0,0,
http://vc.yiche.com/vplay/657586.html,宝骏360,5.46万,0,11,
http://vc.yiche.com/vplay/657570.html,宝骏360,2.26万,0,3,
http://vc.yiche.com/vplay/657397.html,新宝骏RC-6,6739,0,1,
http://vc.yiche.com/vplay/658113.html,新宝骏RM-5,2.13万,0,1,
http://vc.yiche.com/vplay/658119.html,新宝骏RM-5,10.56万,0,43,
http://vc.yiche.com/vplay/658550.html,宝骏510,5781,0,0,
http://vc.yiche.com/vplay/658671.html,五菱宏光,2.38万,0,24,
http://vc.yiche.com/vplay/658708.html,宝骏510,9.83万,0,16,
http://vc.yiche.com/vplay/658789.html,五菱宏光Plus,5.56万,0,29,
http://vc.yiche.com/vplay/657179.html,五菱宏光Plus,1.04万,0,27,
http://vc.yiche.com/vplay/657579.html,五菱宏光Plus,2.12万,0,16,
http://vc.yiche.com/vplay/659288.html,五菱宏光,1.70万,0,14,
http://vc.yiche.com/vplay/659288.html,五菱宏光Plus,1.70万,0,14,
http://vc.yiche.com/vplay/659506.html,五菱宏光,12.41万,0,37,
http://vc.yiche.com/vplay/659506.html,五菱宏光Plus,12.41万,0,37,
http://vc.yiche.com/vplay/658789.html,五菱宏光,5.56万,0,29,
http://vc.yiche.com/vplay/658784.html,宝骏360,4018,0,0,
http://vc.yiche.com/vplay/659205.html,宝骏530,5.47万,0,8,
http://vc.yiche.com/vplay/658878.html,宝骏E100,5281,0,13,
http://vc.yiche.com/vplay/658881.html,宝骏E100,4857,0,9,
http://vc.yiche.com/vplay/659787.html,宝骏360,6057,0,0,
http://vc.yiche.com/vplay/660514.html,宝骏530,1.97万,0,19,
http://vc.yiche.com/vplay/661188.html,五菱宏光Plus,3.65万,0,11,
http://vc.yiche.com/vplay/661188.html,五菱宏光,3.65万,0,11,
http://vc.yiche.com/vplay/661328.html,宝骏E100,1.24万,0,6,
http://vc.yiche.com/vplay/660343.html,宝骏E100,1.40万,0,6,
http://vc.yiche.com/vplay/661204.html,宝骏E100,5.03万,0,16,
http://vc.yiche.com/vplay/660331.html,宝骏E100,1690,0,0,
http://vc.yiche.com/vplay/662398.html,宝骏530,3741,0,0,
http://vc.yiche.com/vplay/662230.html,新宝骏RC-6,2.40万,0,16,
http://vc.yiche.com/vplay/662389.html,宝骏E100,3.18万,0,14,
http://vc.yiche.com/vplay/662943.html,宝骏360,1.15万,0,2,
http://vc.yiche.com/vplay/662985.html,五菱宏光,2.41万,0,13,
http://vc.yiche.com/vplay/663481.html,宝骏510,1053,0,4,
http://vc.yiche.com/vplay/663689.html,新宝骏RS-5,6460,0,4,
http://vc.yiche.com/vplay/663614.html,五菱宏光,6086,0,14,
http://vc.yiche.com/vplay/664395.html,五菱宏光,9309,0,3,
http://vc.yiche.com/vplay/663614.html,五菱宏光Plus,6086,0,14,
http://vc.yiche.com/vplay/665068.html,五菱宏光,1.37万,0,7,
http://vc.yiche.com/vplay/665810.html,新宝骏RM-5,3.70万,0,34,
http://vc.yiche.com/vplay/664395.html,五菱宏光Plus,9309,0,3,
http://vc.yiche.com/vplay/665810.html,新宝骏RC-6,3.70万,0,34,
http://vc.yiche.com/vplay/662985.html,五菱宏光Plus,2.41万,0,13,
http://vc.yiche.com/vplay/662943.html,宝骏,1.15万,0,2,
http://vc.yiche.com/vplay/665810.html,宝骏,3.70万,0,34,
http://vc.yiche.com/vplay/662398.html,宝骏,3741,0,0,
http://vc.yiche.com/vplay/663481.html,宝骏,1053,0,4,
http://vc.yiche.com/vplay/667618.html,宝骏360,10.68万,0,23,
http://vc.yiche.com/vplay/667618.html,宝骏,10.68万,0,23,
http://vc.yiche.com/vplay/667618.html,新宝骏RM-5,10.68万,0,23,
http://vc.yiche.com/vplay/668081.html,宝骏,15.23万,0,24,
http://vc.yiche.com/vplay/667751.html,宝骏,22.44万,0,42,
http://vc.yiche.com/vplay/668440.html,宝骏,1.42万,0,11,
http://vc.yiche.com/vplay/667751.html,新宝骏RC-6,22.44万,0,42,
http://vc.yiche.com/vplay/669382.html,宝骏,1.65万,0,8,
http://vc.yiche.com/vplay/669385.html,宝骏,2.00万,0,7,
http://vc.yiche.com/vplay/669227.html,宝骏,1.39万,0,5,
http://vc.yiche.com/vplay/669385.html,新宝骏RM-5,2.00万,0,7,
http://vc.yiche.com/vplay/669703.html,五菱宏光,1655,0,0,
http://vc.yiche.com/vplay/668434.html,五菱宏光,8796,0,14,
http://vc.yiche.com/vplay/669759.html,宝骏,4.16万,0,17,
http://vc.yiche.com/vplay/669759.html,宝骏310W,4.16万,0,17,
http://vc.yiche.com/vplay/669382.html,新宝骏RC-6,1.65万,0,8,
http://vc.yiche.com/vplay/669888.html,宝骏,2.14万,0,17,
http://vc.yiche.com/vplay/669888.html,新宝骏RS-5,2.14万,0,17,
http://vc.yiche.com/vplay/671113.html,五菱宏光,4389,0,40,
http://vc.yiche.com/vplay/670185.html,新宝骏RM-5,2.01万,0,13,
http://vc.yiche.com/vplay/671113.html,五菱宏光Plus,4389,0,40,
http://vc.yiche.com/vplay/671583.html,五菱宏光,1.09万,0,0,
http://vc.yiche.com/vplay/671632.html,五菱宏光,9920,0,1,
http://vc.yiche.com/vplay/671720.html,新宝骏RM-5,,,,
http://vc.yiche.com/vplay/672520.html,五菱宏光,1.94万,0,20,
http://vc.yiche.com/vplay/672218.html,宝骏510,7646,0,3,
http://vc.yiche.com/vplay/669227.html,宝骏530,1.39万,0,5,
http://vc.yiche.com/vplay/672520.html,五菱宏光Plus,1.94万,0,20,
http://vc.yiche.com/vplay/672373.html,五菱宏光,3.14万,0,8,
http://vc.yiche.com/vplay/672367.html,五菱宏光,4.40万,0,33,
http://vc.yiche.com/vplay/672721.html,五菱宏光,3199,0,5,
http://vc.yiche.com/vplay/673312.html,新宝骏RM-5,2.21万,0,15,
http://vc.yiche.com/vplay/672539.html,五菱宏光,1353,0,0,
http://vc.yiche.com/vplay/673249.html,五菱宏光,4.27万,0,22,
http://vc.yiche.com/vplay/672721.html,五菱宏光Plus,3199,0,5,
http://vc.yiche.com/vplay/673210.html,五菱宏光,7674,0,0,
http://vc.yiche.com/vplay/673211.html,五菱宏光,3.51万,0,14,
http://vc.yiche.com/vplay/673199.html,五菱宏光,6037,0,0,
http://vc.yiche.com/vplay/673214.html,五菱宏光,1.33万,0,2,
http://vc.yiche.com/vplay/673205.html,五菱宏光,3504,0,0,
http://vc.yiche.com/vplay/673209.html,五菱宏光,1.98万,0,5,
http://vc.yiche.com/vplay/673206.html,五菱宏光,7885,0,5,
http://vc.yiche.com/vplay/673212.html,五菱宏光,1.28万,0,1,
http://vc.yiche.com/vplay/673207.html,五菱宏光,7961,0,4,
http://vc.yiche.com/vplay/673208.html,五菱宏光,4612,0,0,
http://vc.yiche.com/vplay/672373.html,五菱宏光Plus,3.14万,0,8,
http://vc.yiche.com/vplay/672367.html,五菱宏光Plus,4.40万,0,33,
http://vc.yiche.com/vplay/673620.html,宝骏530,1.36万,0,10,
http://vc.yiche.com/vplay/673210.html,五菱宏光Plus,7674,0,0,
http://vc.yiche.com/vplay/673214.html,五菱宏光Plus,1.33万,0,2,
http://vc.yiche.com/vplay/673211.html,五菱宏光Plus,3.51万,0,14,
http://vc.yiche.com/vplay/673199.html,五菱宏光Plus,6037,0,0,
http://vc.yiche.com/vplay/673212.html,五菱宏光Plus,1.28万,0,1,
http://vc.yiche.com/vplay/673209.html,五菱宏光Plus,1.98万,0,5,
http://vc.yiche.com/vplay/673206.html,五菱宏光Plus,7885,0,5,
http://vc.yiche.com/vplay/673207.html,五菱宏光Plus,7961,0,4,
http://vc.yiche.com/vplay/673205.html,五菱宏光Plus,3504,0,0,
http://vc.yiche.com/vplay/673208.html,五菱宏光Plus,4612,0,0,
http://vc.yiche.com/vplay/673249.html,五菱宏光Plus,4.27万,0,22,
http://vc.yiche.com/vplay/672601.html,宝骏530,2.04万,0,2,
http://vc.yiche.com/vplay/673403.html,宝骏730,1.79万,0,5,
http://vc.yiche.com/vplay/673358.html,五菱宏光,3205,0,1,
http://vc.yiche.com/vplay/673358.html,五菱宏光Plus,3205,0,1,
http://vc.yiche.com/vplay/673383.html,五菱宏光,6682,0,4,
http://vc.yiche.com/vplay/673221.html,宝骏530,3.68万,0,9,
http://vc.yiche.com/vplay/673714.html,五菱宏光Plus,2.08万,0,2,
http://vc.yiche.com/vplay/674200.html,新宝骏RM-5,5195,0,2,
http://vc.yiche.com/vplay/673383.html,五菱宏光Plus,6682,0,4,
http://vc.yiche.com/vplay/673714.html,五菱宏光,2.08万,0,2,
http://vc.yiche.com/vplay/674902.html,五菱宏光,1.33万,0,12,
http://vc.yiche.com/vplay/674909.html,五菱宏光,4.12万,0,7,
http://vc.yiche.com/vplay/674559.html,五菱宏光,6194,0,3,
http://vc.yiche.com/vplay/674559.html,五菱宏光Plus,6194,0,3,
http://vc.yiche.com/vplay/674706.html,宝骏530,1951,0,0,
http://vc.yiche.com/vplay/673852.html,宝骏530,3326,0,1,
http://vc.yiche.com/vplay/674909.html,五菱宏光Plus,4.12万,0,7,
http://vc.yiche.com/vplay/673618.html,宝骏530,8487,0,8,
http://vc.yiche.com/vplay/674532.html,宝骏530,5506,0,3,
http://vc.yiche.com/vplay/674994.html,宝骏530,7545,0,0,
http://vc.yiche.com/vplay/676106.html,五菱宏光,3125,0,3,
http://vc.yiche.com/vplay/674902.html,宝骏530,1.33万,0,12,
http://vc.yiche.com/vplay/676163.html,五菱宏光,1.76万,0,1,
http://vc.yiche.com/vplay/676163.html,五菱宏光Plus,1.76万,0,1,
http://vc.yiche.com/vplay/676723.html,五菱宏光,2.10万,0,13,
http://vc.yiche.com/vplay/676383.html,五菱宏光,858,0,0,
http://vc.yiche.com/vplay/676383.html,五菱宏光Plus,858,0,0,
http://vc.yiche.com/vplay/677755.html,五菱宏光,5802,0,0,
http://vc.yiche.com/vplay/677755.html,五菱宏光Plus,5802,0,0,
http://vc.yiche.com/vplay/676106.html,五菱宏光Plus,3125,0,3,
http://vc.yiche.com/vplay/676723.html,五菱宏光Plus,2.10万,0,13,
http://vc.yiche.com/vplay/676396.html,新宝骏RS-5,1922,0,0,
http://vc.yiche.com/vplay/677884.html,五菱宏光,9422,0,9,
http://vc.yiche.com/vplay/678455.html,宝骏510,1.23万,0,12,
http://vc.yiche.com/vplay/678218.html,五菱宏光,8432,0,2,
http://vc.yiche.com/vplay/678218.html,五菱宏光Plus,8432,0,2,
http://vc.yiche.com/vplay/678467.html,宝骏530,2847,0,9,
http://vc.yiche.com/vplay/678463.html,宝骏530,2585,0,12,
http://vc.yiche.com/vplay/678491.html,宝骏530,2246,0,10,
http://vc.yiche.com/vplay/678488.html,宝骏530,2276,0,15,
http://vc.yiche.com/vplay/678495.html,宝骏530,4290,0,12,
http://vc.yiche.com/vplay/678494.html,宝骏530,6286,0,6,
http://vc.yiche.com/vplay/675658.html,五菱宏光,5.59万,0,14,
http://vc.yiche.com/vplay/677123.html,宝骏E100,1160,0,0,
http://vc.yiche.com/vplay/675658.html,五菱宏光Plus,5.59万,0,14,
http://vc.yiche.com/vplay/680018.html,五菱宏光,4.20万,0,8,
http://vc.yiche.com/vplay/680759.html,五菱宏光,665,0,0,
http://vc.yiche.com/vplay/680761.html,五菱宏光,402,0,0,
http://vc.yiche.com/vplay/680865.html,宝骏360,3.59万,0,15,
http://vc.yiche.com/vplay/680810.html,五菱宏光,4401,0,1,
http://vc.yiche.com/vplay/680540.html,宝骏530,4095,0,1,
http://vc.yiche.com/vplay/680810.html,五菱宏光Plus,4401,0,1,
http://vc.yiche.com/vplay/680704.html,五菱宏光,3983,0,3,
http://vc.yiche.com/vplay/681913.html,五菱宏光,7654,0,2,
http://vc.yiche.com/vplay/681916.html,五菱宏光,3.14万,0,13,
http://vc.yiche.com/vplay/681914.html,五菱宏光,5410,0,2,
http://vc.yiche.com/vplay/681816.html,五菱宏光,2523,0,1,
http://vc.yiche.com/vplay/681816.html,五菱宏光Plus,2523,0,1,
http://vc.yiche.com/vplay/681913.html,五菱宏光Plus,7654,0,2,
http://vc.yiche.com/vplay/681916.html,五菱宏光Plus,3.14万,0,13,
http://vc.yiche.com/vplay/681914.html,五菱宏光Plus,5410,0,2,
http://vc.yiche.com/vplay/682194.html,新宝骏RM-5,3.08万,0,8,
http://vc.yiche.com/vplay/681950.html,五菱宏光,1.78万,0,13,
http://vc.yiche.com/vplay/681950.html,五菱宏光Plus,1.78万,0,13,
http://vc.yiche.com/vplay/682270.html,宝骏530,2.50万,0,11,
http://vc.yiche.com/vplay/681918.html,五菱宏光Plus,1.69万,0,4,
http://vc.yiche.com/vplay/681915.html,五菱宏光Plus,3.81万,0,20,
http://vc.yiche.com/vplay/681912.html,五菱宏光Plus,6044,0,2,
http://vc.yiche.com/vplay/681917.html,五菱宏光Plus,1.59万,0,7,
http://vc.yiche.com/vplay/681918.html,五菱宏光,1.69万,0,4,
http://vc.yiche.com/vplay/681915.html,五菱宏光,3.81万,0,20,
http://vc.yiche.com/vplay/681912.html,五菱宏光,6044,0,2,
http://vc.yiche.com/vplay/681917.html,五菱宏光,1.59万,0,7,
http://vc.yiche.com/vplay/682869.html,五菱宏光,4962,0,1,
http://vc.yiche.com/vplay/682869.html,五菱宏光Plus,4962,0,1,
http://vc.yiche.com/vplay/683413.html,五菱宏光Plus,6907,0,0,
http://vc.yiche.com/vplay/683413.html,五菱宏光,6907,0,0,
http://vc.yiche.com/vplay/684168.html,五菱宏光Plus,6.50万,0,25,
http://vc.yiche.com/vplay/684168.html,五菱宏光,6.50万,0,25,
http://vc.yiche.com/vplay/683677.html,五菱宏光,6864,0,0,
http://vc.yiche.com/vplay/684801.html,五菱宏光Plus,2.84万,0,2,
http://vc.yiche.com/vplay/684748.html,五菱宏光,2687,0,0,
http://vc.yiche.com/vplay/683744.html,新宝骏RM-5,4.08万,0,9,
http://vc.yiche.com/vplay/682612.html,宝骏530,1.19万,0,1,
http://vc.yiche.com/vplay/684801.html,五菱宏光,2.84万,0,2,
http://vc.yiche.com/vplay/684748.html,五菱宏光Plus,2687,0,0,
http://vc.yiche.com/vplay/685696.html,五菱宏光,1163,0,2,
http://vc.yiche.com/vplay/686351.html,五菱宏光,452,0,0,
http://vc.yiche.com/vplay/687315.html,宝骏E100,3907,0,3,
http://vc.yiche.com/vplay/687621.html,新宝骏RM-5,1713,0,0,
http://vc.yiche.com/vplay/687679.html,新宝骏RC-6,5839,0,2,
http://vc.yiche.com/vplay/688159.html,新宝骏RM-5,6511,0,1,
http://vc.yiche.com/vplay/688065.html,新宝骏RM-5,3156,0,5,
http://vc.yiche.com/vplay/688064.html,新宝骏RM-5,2.37万,0,19,
http://vc.yiche.com/vplay/687540.html,新宝骏RM-5,5384,0,1,
http://vc.yiche.com/vplay/687601.html,新宝骏RM-5,5146,0,4,
http://vc.yiche.com/vplay/688020.html,五菱宏光,1.11万,0,0,
http://vc.yiche.com/vplay/688202.html,五菱宏光,5505,0,1,
http://vc.yiche.com/vplay/688202.html,五菱宏光Plus,5505,0,1,
http://vc.yiche.com/vplay/688265.html,新宝骏RM-5,2983,0,0,
http://vc.yiche.com/vplay/687755.html,五菱宏光,5.32万,0,8,
http://vc.yiche.com/vplay/687755.html,五菱宏光Plus,5.32万,0,8,
http://vc.yiche.com/vplay/688970.html,新宝骏RM-5,3317,0,4,
http://vc.yiche.com/vplay/689077.html,宝骏510,4.17万,0,18,
http://vc.yiche.com/vplay/689615.html,宝骏510,1.05万,0,15,
http://vc.yiche.com/vplay/688252.html,新宝骏RS-5,6649,0,0,
http://vc.yiche.com/vplay/690074.html,五菱宏光Plus,2811,0,2,
http://vc.yiche.com/vplay/690074.html,五菱宏光,2811,0,2,
http://vc.yiche.com/vplay/690037.html,五菱宏光Plus,2262,0,0,
http://vc.yiche.com/vplay/690763.html,新宝骏RM-5,1.95万,0,17,
http://vc.yiche.com/vplay/690543.html,宝骏530,9874,0,15,
http://vc.yiche.com/vplay/690815.html,新宝骏RM-5,2.06万,0,18,
http://vc.yiche.com/vplay/690037.html,五菱宏光,2262,0,0,
http://vc.yiche.com/vplay/691028.html,五菱宏光,1015,0,0,
http://vc.yiche.com/vplay/692495.html,新宝骏RM-5,5235,0,12,
http://vc.yiche.com/vplay/692379.html,新宝骏RM-5,4.48万,0,16,
http://vc.yiche.com/vplay/690175.html,五菱宏光,418,0,0,
http://vc.yiche.com/vplay/692584.html,五菱宏光,6990,0,0,
http://vc.yiche.com/vplay/692303.html,新宝骏RM-5,6208,0,4,
http://vc.yiche.com/vplay/692724.html,宝骏E200,2172,0,8,
http://vc.yiche.com/vplay/692723.html,宝骏E200,3108,0,6,
http://vc.yiche.com/vplay/693373.html,五菱宏光,9153,0,11,
http://vc.yiche.com/vplay/692835.html,新宝骏RC-6,1.17万,0,8,
http://vc.yiche.com/vplay/693437.html,新宝骏RC-6,1.40万,0,11,
http://vc.yiche.com/vplay/693373.html,五菱宏光Plus,9153,0,11,
http://vc.yiche.com/vplay/693445.html,新宝骏RC-6,1.50万,0,14,
http://vc.yiche.com/vplay/692838.html,新宝骏RC-6,7837,0,11,
http://vc.yiche.com/vplay/692841.html,新宝骏RC-6,5817,0,14,
http://vc.yiche.com/vplay/694090.html,新宝骏RC-6,4.90万,0,16,
http://vc.yiche.com/vplay/693461.html,新宝骏RC-6,1.30万,0,11,
http://vc.yiche.com/vplay/691046.html,新宝骏RS-5,2.50万,0,39,
http://vc.yiche.com/vplay/693470.html,新宝骏RC-6,1.55万,0,15,
http://vc.yiche.com/vplay/693468.html,新宝骏RC-6,1.29万,0,6,
http://vc.yiche.com/vplay/696128.html,新宝骏RM-5,5.83万,0,12,
http://vc.yiche.com/vplay/696856.html,新宝骏RC-6,6312,0,0,
http://vc.yiche.com/vplay/696103.html,新宝骏RS-5,1.84万,0,14,
http://vc.yiche.com/vplay/697426.html,五菱宏光,14.00万,0,24,
http://vc.yiche.com/vplay/696128.html,宝骏530,5.83万,0,12,
http://vc.yiche.com/vplay/696128.html,新宝骏RS-5,5.83万,0,12,
http://vc.yiche.com/vplay/697742.html,宝骏360,9397,0,7,
http://vc.yiche.com/vplay/697747.html,五菱宏光Plus,1.20万,0,0,
http://vc.yiche.com/vplay/697747.html,五菱宏光,1.20万,0,0,
http://vc.yiche.com/vplay/697251.html,宝骏530,1.27万,0,9,
http://vc.yiche.com/vplay/694217.html,宝骏530,7729,0,10,
http://vc.yiche.com/vplay/692846.html,新宝骏RC-6,1.27万,0,13,
http://vc.yiche.com/vplay/692850.html,新宝骏RC-6,1.35万,0,7,
http://vc.yiche.com/vplay/700127.html,宝骏730,1.65万,0,8,
http://vc.yiche.com/vplay/700127.html,五菱宏光Plus,1.65万,0,8,
http://vc.yiche.com/vplay/700127.html,五菱宏光,1.65万,0,8,
http://vc.yiche.com/vplay/700300.html,宝骏E200,3869,0,0,
http://vc.yiche.com/vplay/700312.html,宝骏360,2.97万,0,10,
http://vc.yiche.com/vplay/700312.html,新宝骏RM-5,2.97万,0,10,
http://vc.yiche.com/vplay/700312.html,五菱宏光,2.97万,0,10,
http://vc.yiche.com/vplay/700312.html,宝骏730,2.97万,0,10,
http://vc.yiche.com/vplay/698769.html,五菱宏光,1.27万,0,13,
http://vc.yiche.com/vplay/701280.html,新宝骏RS-5,9565,0,6,
http://vc.yiche.com/vplay/701544.html,新宝骏RC-6,1.71万,0,14,
http://vc.yiche.com/vplay/701632.html,新宝骏RM-5,1.07万,0,2,
http://vc.yiche.com/vplay/702828.html,宝骏730,1555,0,0,
http://vc.yiche.com/vplay/704387.html,宝骏E100,3066,0,9,
http://vc.yiche.com/vplay/701645.html,新宝骏RC-6,1.57万,0,4,
